"93b7da8","huangyang","2021-07-25 21:16:18 +0800","add-leetcode75"
 1 file changed, 52 insertions(+)

"10f8cda","huangyang","2021-02-28 21:32:03 +0800","update"
 2 files changed, 7 deletions(-)

"82ce989","huangyang","2021-02-28 21:31:52 +0800","update"
 1 file changed, 74 insertions(+)

"9d75e9c","huangyang","2021-02-28 17:17:34 +0800","update"
 5 files changed, 51 insertions(+), 68 deletions(-)

"d061883","huangyang","2020-11-08 23:33:29 +0800","update"
 3 files changed, 60 insertions(+)

"63f87da","huangyang","2020-11-08 00:08:55 +0800","state"
 1 file changed, 41 insertions(+)

"9d18da3","huangyang","2020-10-17 22:44:13 +0800","update"
 2 files changed, 24 insertions(+), 1 deletion(-)

"75dbff9","huangyang","2020-09-16 23:50:24 +0800","update"
 6 files changed, 384 insertions(+), 1 deletion(-)

"ae8e11d","huangyang","2020-09-13 21:07:48 +0800","update"
 3 files changed, 131 insertions(+), 1 deletion(-)

"5c4d706","huangyang","2020-09-06 21:09:05 +0800","add 可变参数宏示例"
 2 files changed, 21 insertions(+)

"ccd8b1d","YangHuang","2020-04-06 12:26:33 +0800","update"
 5 files changed, 265 insertions(+), 49 deletions(-)

"b14e67c","YangHuang","2020-03-22 22:56:44 +0800","update"
 13 files changed, 322 insertions(+), 2 deletions(-)

"bf89bd9","YangHuang","2020-03-15 22:19:55 +0800","update"
 75 files changed, 2003 insertions(+), 13 deletions(-)

"88327b0","YangHuang","2020-03-14 23:26:08 +0800","update"
 37 files changed, 2100 insertions(+), 1 deletion(-)

"df47d8d","YangHuang","2020-03-14 20:46:16 +0800","Set theme jekyll-theme-slate"
 1 file changed, 1 insertion(+), 1 deletion(-)

"91be8e7","YangHuang","2020-03-14 20:40:58 +0800","Set theme jekyll-theme-leap-day"
 1 file changed, 1 insertion(+), 1 deletion(-)

"0930b57","YangHuang","2020-03-14 20:37:26 +0800","update"
 1 file changed, 3 insertions(+), 3 deletions(-)

"868a620","YangHuang","2020-03-14 20:33:51 +0800","update"
 3 files changed, 354 insertions(+), 9 deletions(-)

"6b0b4d1","YangHuang","2020-03-14 16:22:08 +0800","update"
 122 files changed, 7809 insertions(+), 4 deletions(-)

"36bb6cc","YangHuang","2020-03-14 13:48:07 +0800","Merge branch 'master' of https://github.com/sunday1103/Notebook"
"c682fe7","YangHuang","2020-03-14 13:46:28 +0800","update"
 1 file changed, 3 deletions(-)

"a09201f","YangHuang","2020-03-14 13:42:06 +0800","Set theme jekyll-theme-minimal"
 1 file changed, 1 insertion(+)

"0bdd9b3","YangHuang","2020-02-23 12:11:40 +0800","update"
 8 files changed, 184 insertions(+), 5 deletions(-)

"cf05c35","YangHuang","2020-02-01 18:14:04 +0800","update"
 8 files changed, 633 insertions(+)

"671540c","YangHuang","2020-01-29 20:12:26 +0800","update"
 57 files changed, 96 insertions(+), 4771 deletions(-)

"454b27a","YangHuang","2019-11-16 21:36:52 +0800","GMOCK"
 8 files changed, 89 insertions(+), 28 deletions(-)

"646bfe1","YangHuang","2019-11-09 23:33:56 +0800","update"
 11 files changed, 510 insertions(+), 40 deletions(-)

"a29467b","YangHuang","2019-09-17 00:04:55 +0800","update"
 9 files changed, 512 insertions(+), 689 deletions(-)

"ca91f3e","YangHuang","2019-08-25 23:07:16 +0800","scanf []"
 4 files changed, 247 insertions(+)

"4ba15fb","YangHuang","2019-08-19 00:28:42 +0800","array malloc"
 5 files changed, 137 insertions(+), 4 deletions(-)

"92258e0","YangHuang","2019-08-18 20:47:18 +0800","hash.md"
 2 files changed, 167 insertions(+)

"ddf4481","YangHuang","2019-08-18 00:51:45 +0800","mod name"
 96 files changed, 82 insertions(+)

"7c640cd","YangHuang","2019-08-18 00:10:06 +0800","add gdb display doc"
 6 files changed, 308 insertions(+), 1 deletion(-)

"57e9ce9","YangHuang","2019-08-17 00:26:36 +0800","update"
 11 files changed, 160 insertions(+)

"f463902","YangHuang","2019-08-16 22:45:56 +0800","dirs change"
 41 files changed, 164 deletions(-)

"1e28f0c","YangHuang","2019-08-16 22:37:52 +0800","update"
 1 file changed, 66 insertions(+)

"c5a7d78","YangHuang","2019-08-03 16:45:44 +0800","update"
 2 files changed, 39 insertions(+), 1 deletion(-)

"a4b14f1","YangHuang","2019-07-28 23:07:12 +0800","add 链接"
 7 files changed, 566 insertions(+)

"82ff915","YangHuang","2019-07-27 22:36:13 +0800","数组和指针"
 5 files changed, 120 insertions(+), 6 deletions(-)

"41c6fcf","YangHuang","2019-07-27 22:08:49 +0800","add dir"
 1 file changed, 27 insertions(+)

"93aaaad","YangHuang","2019-07-21 23:23:24 +0800","Update README.md"
 1 file changed, 1 insertion(+), 1 deletion(-)

"b55cb32","YangHuang","2019-07-21 23:20:02 +0800","add readme 目录"
 1 file changed, 1 insertion(+), 1 deletion(-)

"2ec6d46","YangHuang","2019-07-21 23:15:49 +0800","add readme 目录"
 2 files changed, 11 insertions(+), 2 deletions(-)

"2b4fcd8","YangHuang","2019-07-21 23:09:06 +0800","rename"
 1 file changed, 0 insertions(+), 0 deletions(-)

"9ce7f8b","YangHuang","2019-07-21 23:07:04 +0800","调整目录顺序"
 7 files changed, 72 insertions(+)

"cb08e78","YangHuang","2019-07-21 21:09:58 +0800","调整目录顺序"
 43 files changed, 0 insertions(+), 0 deletions(-)

"35d05c8","YangHuang","2019-07-14 22:13:40 +0800","整理文件夹"
 126 files changed, 12883 insertions(+)

"f1e2173","YangHuang","2019-07-14 11:37:18 +0800","整理文件夹"
 126 files changed, 12883 deletions(-)

"c1d3bd5","YangHuang","2019-07-14 11:33:24 +0800","整理文件夹"
 179 files changed, 1191 insertions(+), 1164 deletions(-)

"d282a21","YangHuang","2018-07-25 23:08:38 +0800","0725"
 2 files changed, 117 insertions(+)

"d9d3c79","YangHuang","2018-06-09 00:10:31 +0800","add class example"
 3 files changed, 49 insertions(+), 2 deletions(-)

"e4f4603","YangHuang","2018-06-07 00:34:00 +0800","0607"
 2 files changed, 47 insertions(+), 4 deletions(-)

"4a3d176","YangHuang","2018-06-01 00:05:17 +0800","增加Sales_Data类及学习笔记"
 2 files changed, 130 insertions(+)

"dc013f6","huangyang","2018-05-20 19:43:36 +0800","shortpath"
 1 file changed, 39 insertions(+)

"415ce06","YangHuang","2018-05-10 23:49:14 +0800","Create C语言模块化.md"
 1 file changed, 4 insertions(+)

"544e6b8","huangyang","2018-05-06 17:22:04 +0800","leetcode14-15"
 3 files changed, 99 insertions(+), 5 deletions(-)

"26fc62f","huangyang","2018-04-29 10:53:55 +0800","Merge branch 'master' of https://github.com/sunday1103/Notebook"
"d2018f0","huangyang","2018-04-29 10:53:26 +0800","gtest"
 1 file changed, 52 insertions(+)

"1f218fc","YangHuang","2018-04-22 18:26:36 +0800","Create dict键值转换.py"
 1 file changed, 18 insertions(+)

"f4a3fa9","huangyang","2018-02-13 18:15:33 +0800","gtest"
 7 files changed, 189 insertions(+), 685 deletions(-)

"5ad4270","huangyang","2018-02-13 10:38:05 +0800","更新gtest安装说明"
 3 files changed, 34 insertions(+), 1 deletion(-)

"35d5fe7","huangyang","2018-02-11 22:12:21 +0800","Merge branch 'master' of https://github.com/sunday1103/Notebook"
"b3cb41e","huangyang","2018-02-11 22:12:06 +0800","fsm"
 2 files changed, 151 insertions(+)

"d9268d8","YangHuang","2018-01-27 22:19:37 +0800","Gtest"
 1 file changed, 117 insertions(+)

"5a56635","YangHuang","2018-01-26 22:23:23 +0800","去除不必要文件"
 3 files changed, 17 deletions(-)

"fcb5755","YangHuang","2018-01-26 22:20:16 +0800","Merge branch 'master' of https://github.com/sunday1103/Notebook"
"1d03e46","YangHuang","2018-01-26 22:19:14 +0800","去除Markdown乱码"
 16 files changed, 1108 deletions(-)

"a9d3ce6","YangHuang","2018-01-25 22:13:14 +0800","Set theme jekyll-theme-leap-day"
 1 file changed, 1 insertion(+)

"190f844","YangHuang","2018-01-25 00:18:10 +0800","GUI排版"
 2 files changed, 60 insertions(+), 25 deletions(-)

"be3063e","YangHuang","2018-01-24 22:39:59 +0800","GUI"
 11 files changed, 1225 insertions(+)

"8efd7e4","huangyang","2018-01-20 12:28:30 +0800","更改目录结构"
 258 files changed, 4 deletions(-)

"e826651","YangHuang","2017-12-30 20:16:29 +0800","Create 8-PalindromeNumber.py"
 1 file changed, 54 insertions(+)

"8b26973","YangHuang","2017-12-30 00:25:33 +0800","4-findMedianSortedArrays"
 1 file changed, 34 insertions(+)

"1968015","YangHuang","2017-12-29 00:07:47 +0800","4-findMedianSortedArrays"
 1 file changed, 74 insertions(+)

"c482a27","YangHuang","2017-11-08 23:41:35 +0800","4-findMedianSortedArrays"
 1 file changed, 58 insertions(+)

"3d57e2d","YangHuang","2017-11-05 23:58:00 +0800","add numpy.ipynb"
 3 files changed, 118 insertions(+), 53 deletions(-)

"e6f51e6","YangHuang","2017-11-01 23:37:40 +0800","增加Python notebook"
 42 files changed, 7940 insertions(+)

"89f0322","YangHuang","2017-10-27 22:25:58 +0800","4-findMedianSortedArrays"
 1 file changed, 73 insertions(+)

"46426e2","HuangYang","2017-10-20 00:12:05 +0800","LeetCode Add"
 7 files changed, 175 insertions(+), 1 deletion(-)

"ac587f5","huangyang","2017-10-03 17:51:24 +0800","leetcode python notebook"
 1 file changed, 88 insertions(+)

"0198040","YangHuang","2017-10-01 13:06:20 +0800","最大子数组"
 2 files changed, 30 insertions(+), 1 deletion(-)

"298c6d0","YangHuang","2017-09-24 23:46:16 +0800","DP基础1"
 2 files changed, 286 insertions(+)

"cbdfdec","YangHuang","2017-09-14 00:02:46 +0800","Python统计特定字符串个数"
 3 files changed, 129 insertions(+), 5 deletions(-)

"fad1524","","2017-06-17 10:36:54 +0800","update from my pc"
 4 files changed, 574 insertions(+), 541 deletions(-)

"3315de5","YangHuang","2017-06-11 12:56:27 +0800","my queue"
 1 file changed, 444 insertions(+), 19 deletions(-)

"4efe2ba","YangHuang","2017-06-11 12:55:26 +0800","cyc queue"
 2 files changed, 117 insertions(+)

"84004ff","YangHuang","2016-12-21 00:19:32 +0800","Update README.md"
 1 file changed, 2 insertions(+), 2 deletions(-)

"293d420","YangHuang","2016-12-21 00:19:09 +0800","Create 构造函数.md"
 1 file changed, 32 insertions(+)

"f41ae1a","YangHuang","2016-12-21 00:17:50 +0800","Rename doc/README.md to docs/README.md"
 1 file changed, 0 insertions(+), 0 deletions(-)

"f68ba2a","YangHuang","2016-12-21 00:16:54 +0800","Create README.md"
 1 file changed, 4 insertions(+)

"c6bee0f","huangyang","2016-11-25 23:41:16 +0800","add an example of the difference bettween pointer and array."
 36 files changed, 25 insertions(+)

"0c59cc6","YangHuang","2016-11-17 13:58:06 +0800","Add Boost"
 2 files changed, 127 insertions(+)

"a2356a6","huangyang","2016-09-25 20:35:36 +0800","9-25"
 65 files changed, 3903 insertions(+), 71 deletions(-)

"9c8f64b","huangyang","2016-08-18 11:06:48 +0800","8-18"
"7f823bb","huangyang","2016-08-07 17:06:08 +0800","8-7"
 66 files changed, 2421 insertions(+), 258 deletions(-)

"9134935","huangyang","2016-08-03 16:05:28 +0800","8-3"
 22 files changed, 1501 insertions(+)

"eec9097","huangyang","2016-07-27 19:20:20 +0800","virtual"
 1 file changed, 93 insertions(+)

"e0c9a27","huangyang","2016-07-26 19:05:10 +0800","thread"
 2 files changed, 271 insertions(+), 271 deletions(-)

"50f05dc","HuangYang","2016-07-26 17:33:37 +0800","thread"
 4 files changed, 295 insertions(+)

"9ce9a5e","HuangYang","2016-07-26 10:16:30 +0800","Merge branch 'master' of https://github.com/sunday1103/Notebook"
"9e32a2b","huangyang","2016-07-26 10:03:38 +0800","Unix"
 5 files changed, 129 insertions(+)

"768b991","huangyang","2016-07-20 22:26:50 +0800","disjoint set"
 3 files changed, 306 insertions(+)

"1180537","huangyang","2016-07-15 15:46:24 +0800","7-14"
 2 files changed, 9 insertions(+), 6 deletions(-)

"e63c63d","Huang Yang","2016-07-14 22:10:00 +0800","非递归版本的二叉树遍历"
 1 file changed, 123 insertions(+), 90 deletions(-)

"d85c09e","Huang Yang","2016-07-14 19:08:29 +0800","new"
 36 files changed, 1402 insertions(+), 990 deletions(-)

"c2168e6","HuangYang","2016-07-13 20:51:27 +0800","Merge branch 'master' of https://github.com/sunday1103/Notebook"
"64ec40a","huangyang","2016-07-13 20:47:34 +0800","BST"
 6 files changed, 205 insertions(+)

"2b9c66d","huangyang","2016-07-12 10:55:00 +0800","KMP over"
 2 files changed, 22 insertions(+), 8 deletions(-)

"bcf8e2d","HuangYang","2016-07-12 10:41:22 +0800","KMP"
 1 file changed, 13 insertions(+), 8 deletions(-)

"bac0ff6","huangyang","2016-07-12 10:19:52 +0800","KMP"
 1 file changed, 37 insertions(+)

"6ff3ea7","huangyang","2016-07-07 22:25:03 +0800","7-7 night string"
 4 files changed, 117 insertions(+)

"4c09a12","huangyang","2016-07-07 09:58:44 +0800","use xor to find odd number"
 2 files changed, 118 insertions(+)

"654b695","huangyang","2016-07-06 22:02:03 +0800","--"
 1 file changed, 67 insertions(+)

"fdd66a6","huangyang","2016-06-30 21:05:58 +0800","6-30"
 1 file changed, 108 insertions(+)

"6c35fb7","huangyang","2016-06-20 22:24:56 +0800","tree"
 3 files changed, 689 insertions(+)

"4a6f6e8","huangyang","2016-06-02 22:20:29 +0800","sort application"
 1 file changed, 108 insertions(+)

"afe5444","huangyang","2016-06-02 20:38:44 +0800","Update sort/sort.md"
 1 file changed, 3 insertions(+)

"314f349","huangyang","2016-06-02 15:23:38 +0800","Move file C++/STL/常用数据结构 to C++/STL/常用数据结构.md"
 1 file changed, 0 insertions(+), 0 deletions(-)

"0afbc52","huangyang","2016-06-02 15:23:32 +0800","Delete C++/STL/README.md"
 1 file changed, 0 insertions(+), 0 deletions(-)

"19358b1","huangyang","2016-06-02 15:23:23 +0800","Create C++/STL/常用数据结构"
 1 file changed, 0 insertions(+), 0 deletions(-)

"914eb83","huangyang","2016-06-02 15:23:09 +0800","Create C++/STL/README.md"
 1 file changed, 0 insertions(+), 0 deletions(-)

"e8c8bee","huangyang","2016-06-02 11:38:28 +0800","Update Data Structure/优先队列.md"
 1 file changed, 5 insertions(+)

"136432a","huangyang","2016-06-02 10:55:21 +0800","Update Data Structure/优先队列.md"
 1 file changed, 1 insertion(+)

"79806b3","huangyang","2016-06-02 10:54:55 +0800","Delete Data Structure/README.md"
 1 file changed, 0 insertions(+), 0 deletions(-)

"0e1d685","huangyang","2016-06-02 10:54:50 +0800","Create Data Structure/优先队列.md"
 1 file changed, 0 insertions(+), 0 deletions(-)

"5f8833d","huangyang","2016-06-02 10:54:38 +0800","Create Data Structure/README.md"
 1 file changed, 0 insertions(+), 0 deletions(-)

"6b4238d","huangyang","2016-06-02 10:54:16 +0800","Delete Data Structure/README.md"
 1 file changed, 0 insertions(+), 0 deletions(-)

"f38a573","huangyang","2016-06-02 10:54:04 +0800","Create Data Structure/README.md"
 1 file changed, 0 insertions(+), 0 deletions(-)

"e9262e6","huangyang","2016-05-31 22:06:30 +0800","Update sort/sort.md"
 1 file changed, 4 insertions(+)

"2139e81","huangyang","2016-05-30 21:25:57 +0800","Update sort/sort.md"
 1 file changed, 4 insertions(+)

"342e58d","huangyang","2016-05-30 21:17:51 +0800","Update sort/sort.md"
 1 file changed, 7 insertions(+), 96 deletions(-)

"9072d94","YangHuang","2016-05-29 10:29:25 +0800","Create SUMMARY.md"
 1 file changed, 4 insertions(+)

"2fa472e","YangHuang","2016-05-29 10:28:17 +0800","Delete book.json"
 1 file changed, 1 deletion(-)

"25c19da","YangHuang","2016-05-29 10:28:03 +0800","Create book.json"
 1 file changed, 1 insertion(+)

"d5d2372","Huang Yang","2016-05-29 10:12:42 +0800","Update sort/sort.md"
 1 file changed, 1 insertion(+)

"b62598d","YangHuang","2016-05-28 22:57:25 +0800","new"
"641ac7f","YangHuang","2016-05-28 22:55:14 +0800",".gitignore"
 1 file changed, 12 insertions(+)

"341854a","Huang Yang","2016-05-28 22:31:29 +0800","5-28 night"
 5 files changed, 89 insertions(+), 922 deletions(-)

"cbc75ce","Huang Yang","2016-05-28 19:27:35 +0800","Merge branch 'master' of https://github.com/sunday1103/Notebook"
"c65b2b1","Huang Yang","2016-05-28 19:26:17 +0800","new in ubuntu"
 4 files changed, 904 insertions(+), 99814 deletions(-)

"30a40cc","huangyang","2016-05-28 19:19:28 +0800","new"
 3 files changed, 82 insertions(+)

"4f7a9f9","YangHuang","2016-05-22 21:10:39 +0800","new"
 4 files changed, 169 insertions(+)

"0513d67","YangHuang","2016-04-24 17:45:08 +0800","select_sort"
 2 files changed, 82058 insertions(+), 482006 deletions(-)

"e534e74","YangHuang","2016-04-19 22:26:51 +0800","modify find"
 1 file changed, 10 insertions(+), 35 deletions(-)

"f980939","Huang Yang","2016-04-18 09:22:01 +0800","Insert sort"
 1 file changed, 32 deletions(-)

"6ef5790","Huang Yang","2016-04-18 09:19:58 +0800","Insert sort"
 9 files changed, 500518 insertions(+), 131 deletions(-)

"695cc48","Huang Yang","2016-04-12 18:49:07 +0800","update"
 12 files changed, 623 insertions(+), 422 deletions(-)

"5ab2a1f","huangyang","2016-04-11 19:11:19 +0800","1 - two sum"
 5 files changed, 116 insertions(+), 28 deletions(-)

"c40b0aa","huangyang","2016-04-10 17:30:36 +0800","Merge branch 'master' of https://github.com/sunday1103/Notebook"
"c967eaf","huangyang","2016-04-10 17:29:46 +0800","add graph"
 3 files changed, 75 insertions(+)

"c9bc58d","YangHuang","2016-04-10 17:20:01 +0800","Create README.md"
 1 file changed, 3 insertions(+)

"afe81b7","huangyang","2016-04-10 17:18:52 +0800","add graph"
 4 files changed, 237 insertions(+)

"e80429b","YangHuang","2016-04-10 17:16:47 +0800","Create .gitignore"
 1 file changed, 28 insertions(+)

"fecd4a5","YangHuang","2016-04-10 17:11:21 +0800","Delete .gitattributes"
 1 file changed, 17 deletions(-)

"5db9a8c","YangHuang","2015-11-10 11:38:56 +0800",":circus_tent: Added .gitattributes"
 1 file changed, 17 insertions(+)
